-- phpMyAdmin SQL Dump
-- version 4.3.8
-- http://www.phpmyadmin.net
--
-- Client :  localhost
-- Généré le :  Jeu 11 Juin 2015 à 19:31
-- Version du serveur :  5.6.12-log
-- Version de PHP :  5.4.16

SET SQL_MODE = "NO_AUTO_VALUE_ON_ZERO";
SET time_zone = "+00:00";


/*!40101 SET @OLD_CHARACTER_SET_CLIENT=@@CHARACTER_SET_CLIENT */;
/*!40101 SET @OLD_CHARACTER_SET_RESULTS=@@CHARACTER_SET_RESULTS */;
/*!40101 SET @OLD_COLLATION_CONNECTION=@@COLLATION_CONNECTION */;
/*!40101 SET NAMES utf8 */;

--
-- Base de données :  `3wa_canada`
--

-- --------------------------------------------------------

--
-- Structure de la table `city`
--

CREATE TABLE IF NOT EXISTS `city` (
  `id` int(3) unsigned NOT NULL,
  `name` varchar(100) COLLATE utf8_bin NOT NULL,
  `province` varchar(2) COLLATE utf8_bin NOT NULL,
  `surface` float NOT NULL,
  `population` int(7) NOT NULL
) ENGINE=InnoDB AUTO_INCREMENT=102 DEFAULT CHARSET=utf8 COLLATE=utf8_bin;

--
-- Contenu de la table `city`
--

INSERT INTO `city` (`id`, `name`, `province`, `surface`, `population`) VALUES
(1, 'Toronto', 'ON', 630.21, 2615060),
(2, 'Montreal', 'QC', 365.13, 1649519),
(3, 'Calgary', 'AB', 825.29, 1096833),
(4, 'Ottawa', 'ON', 2790.22, 883391),
(5, 'Edmonton', 'AB', 684.37, 812201),
(6, 'Mississauga', 'ON', 292.4, 713443),
(7, 'Winnipeg', 'MB', 464.08, 663617),
(8, 'Vancouver', 'BC', 114.97, 603502),
(9, 'Brampton', 'ON', 266.34, 523911),
(10, 'Hamilton', 'ON', 1117.23, 519949),
(11, 'Quebec City', 'QC', 454.1, 516622),
(12, 'Surrey', 'BC', 316.41, 468251),
(13, 'Laval', 'QC', 247.09, 401553),
(14, 'Halifax', 'NS', 5490.28, 390096),
(15, 'London', 'ON', 420.57, 366151),
(16, 'Markham', 'ON', 212.58, 301709),
(17, 'Vaughan', 'ON', 273.52, 288301),
(18, 'Gatineau', 'QC', 342.98, 265349),
(19, 'Longueuil', 'QC', 115.59, 231409),
(20, 'Burnaby', 'BC', 90.61, 223218),
(21, 'Saskatoon', 'SK', 209.56, 222189),
(22, 'Kitchener', 'ON', 136.79, 219153),
(23, 'Windsor', 'ON', 146.32, 210891),
(24, 'Regina', 'SK', 145.45, 1931),
(25, 'Richmond', 'BC', 129.27, 190473),
(26, 'Richmond Hill', 'ON', 100.95, 185541),
(27, 'Oakville', 'ON', 138.88, 18252),
(28, 'Burlington', 'ON', 185.66, 175779),
(29, 'Greater Sudbury', 'ON', 3227.38, 160274),
(30, 'Sherbrooke', 'QC', 353.49, 154601),
(31, 'Oshawa', 'ON', 145.68, 149607),
(32, 'Saguenay', 'QC', 1126.48, 144746),
(33, 'Lévis', 'QC', 449.31, 138769),
(34, 'Barrie', 'ON', 77.39, 135711),
(35, 'Abbotsford', 'BC', 375.55, 133497),
(36, 'St. Catharines', 'ON', 96.11, 1314),
(37, 'Trois-Rivières', 'QC', 288.9, 131338),
(38, 'Cambridge', 'ON', 113, 126748),
(39, 'Coquitlam', 'BC', 122.3, 126456),
(40, 'Kingston', 'ON', 451.17, 123363),
(41, 'Whitby', 'ON', 146.53, 122022),
(42, 'Guelph', 'ON', 87.2, 121688),
(43, 'Kelowna', 'BC', 211.62, 117312),
(44, 'Saanich', 'BC', 103.78, 109752),
(45, 'Ajax', 'ON', 67.07, 1096),
(46, 'Thunder Bay', 'ON', 328.24, 108359),
(47, 'Terrebonne', 'QC', 154.74, 106322),
(48, 'St. John''s', 'NL', 446.04, 106172),
(49, 'Langley', 'BC', 308.03, 104177),
(50, 'Chatham-Kent', 'ON', 2458.09, 103671),
(51, 'Delta', 'BC', 180.11, 99863),
(52, 'Waterloo', 'ON', 64.02, 9878),
(53, 'Cape Breton', 'NS', 2433.35, 97398),
(54, 'Brantford', 'ON', 72.47, 9365),
(55, 'Strathcona County', 'AB', 1180.56, 9249),
(56, 'Saint-Jean-sur-Richelieu', 'QC', 225.78, 92394),
(57, 'Red Deer', 'AB', 104.29, 90564),
(58, 'Pickering', 'ON', 231.59, 88721),
(59, 'Kamloops', 'BC', 299.23, 85678),
(60, 'Clarington', 'ON', 611.3, 84548),
(61, 'North Vancouver', 'BC', 160.76, 84412),
(62, 'Milton', 'ON', 363.22, 84362),
(63, 'Nanaimo', 'BC', 91.3, 8381),
(64, 'Lethbridge', 'AB', 122.36, 83517),
(65, 'Niagara Falls', 'ON', 209.71, 82997),
(66, 'Repentigny', 'QC', 61.79, 82),
(67, 'Victoria', 'BC', 19.47, 80017),
(68, 'Newmarket', 'ON', 38.33, 79978),
(69, 'Brossard', 'QC', 45.2, 79273),
(70, 'Peterborough', 'ON', 63.8, 78698),
(71, 'Chilliwack', 'BC', 261.5, 77936),
(72, 'Maple Ridge', 'BC', 266.78, 76052),
(73, 'Sault Ste. Marie', 'ON', 223.26, 75141),
(74, 'Kawartha Lakes', 'ON', 3083.06, 73214),
(75, 'Sarnia', 'ON', 164.71, 72366),
(76, 'Prince George', 'BC', 318.26, 71974),
(77, 'Drummondville', 'QC', 246.85, 71852),
(78, 'Saint John', 'NB', 315.82, 70063),
(79, 'Moncton', 'NB', 141.17, 69074),
(80, 'Saint-Jérôme', 'QC', 90.52, 68456),
(81, 'New Westminster', 'BC', 15.63, 65976),
(82, 'Wood Buffalo', 'AB', 63637.5, 65565),
(83, 'Granby', 'QC', 152.72, 63433),
(84, 'Norfolk County', 'ON', 1607.6, 63175),
(85, 'St. Albert', 'AB', 48.27, 61466),
(86, 'Medicine Hat', 'AB', 112.01, 60005),
(87, 'Caledon', 'ON', 688.15, 5946),
(88, 'Halton Hills', 'ON', 276.25, 59008),
(89, 'Port Coquitlam', 'BC', 29.17, 56342),
(90, 'Fredericton', 'NB', 131.67, 56224),
(91, 'Grande Prairie', 'AB', 72.8, 55032),
(92, 'North Bay', 'ON', 319.05, 53651),
(93, 'Blainville', 'QC', 55.1, 5351),
(94, 'Saint-Hyacinthe', 'QC', 188.69, 53236),
(95, 'Aurora', 'ON', 49.78, 53203),
(96, 'Welland', 'ON', 81.09, 50631),
(97, 'Shawinigan', 'QC', 733.48, 5006),
(98, 'Dollard-des-Ormeaux', 'QC', 15.1, 49637),
(99, 'Belleville', 'ON', 247.21, 49454),
(100, 'North Vancouver', 'BC', 11.83, 48196),
(101, 'Charlottetown', 'PE', 44.33, 34562);

-- --------------------------------------------------------

--
-- Structure de la table `country`
--

CREATE TABLE IF NOT EXISTS `country` (
  `id` smallint(3) unsigned NOT NULL,
  `code` varchar(2) CHARACTER SET latin1 NOT NULL,
  `name_fr` varchar(255) CHARACTER SET latin1 NOT NULL,
  `name_en` varchar(255) CHARACTER SET latin1 DEFAULT NULL
) ENGINE=InnoDB AUTO_INCREMENT=240 DEFAULT CHARSET=utf8 COLLATE=utf8_bin;

--
-- Contenu de la table `country`
--

INSERT INTO `country` (`id`, `code`, `name_fr`, `name_en`) VALUES
(1, 'AF', 'Afghanistan', 'Afghanistan'),
(2, 'ZA', 'Afrique du Sud', 'South Africa'),
(3, 'AL', 'Albanie', 'Albania'),
(4, 'DZ', 'Algérie', 'Algeria'),
(5, 'DE', 'Allemagne', 'Germany'),
(6, 'AD', 'Andorre', 'Andorra'),
(7, 'AO', 'Angola', 'Angola'),
(8, 'AI', 'Anguilla', 'Anguilla'),
(9, 'AQ', 'Antarctique', 'Antarctica'),
(10, 'AG', 'Antigua-et-Barbuda', 'Antigua & Barbuda'),
(11, 'AN', 'Antilles néerlandaises', 'Netherlands Antilles'),
(12, 'SA', 'Arabie saoudite', 'Saudi Arabia'),
(13, 'AR', 'Argentine', 'Argentina'),
(14, 'AM', 'Arménie', 'Armenia'),
(15, 'AW', 'Aruba', 'Aruba'),
(16, 'AU', 'Australie', 'Australia'),
(17, 'AT', 'Autriche', 'Austria'),
(18, 'AZ', 'Azerbaïdjan', 'Azerbaijan'),
(19, 'BJ', 'Bénin', 'Benin'),
(20, 'BS', 'Bahamas', 'Bahamas, The'),
(21, 'BH', 'Bahreïn', 'Bahrain'),
(22, 'BD', 'Bangladesh', 'Bangladesh'),
(23, 'BB', 'Barbade', 'Barbados'),
(24, 'PW', 'Belau', 'Palau'),
(25, 'BE', 'Belgique', 'Belgium'),
(26, 'BZ', 'Belize', 'Belize'),
(27, 'BM', 'Bermudes', 'Bermuda'),
(28, 'BT', 'Bhoutan', 'Bhutan'),
(29, 'BY', 'Biélorussie', 'Belarus'),
(30, 'MM', 'Birmanie', 'Myanmar (ex-Burma)'),
(31, 'BO', 'Bolivie', 'Bolivia'),
(32, 'BA', 'Bosnie-Herzégovine', 'Bosnia and Herzegovina'),
(33, 'BW', 'Botswana', 'Botswana'),
(34, 'BR', 'Brésil', 'Brazil'),
(35, 'BN', 'Brunei', 'Brunei Darussalam'),
(36, 'BG', 'Bulgarie', 'Bulgaria'),
(37, 'BF', 'Burkina Faso', 'Burkina Faso'),
(38, 'BI', 'Burundi', 'Burundi'),
(39, 'CI', 'Côte d''Ivoire', 'Ivory Coast (see Cote d''Ivoire)'),
(40, 'KH', 'Cambodge', 'Cambodia'),
(41, 'CM', 'Cameroun', 'Cameroon'),
(42, 'CA', 'Canada', 'Canada'),
(43, 'CV', 'Cap-Vert', 'Cape Verde'),
(44, 'CL', 'Chili', 'Chile'),
(45, 'CN', 'Chine', 'China'),
(46, 'CY', 'Chypre', 'Cyprus'),
(47, 'CO', 'Colombie', 'Colombia'),
(48, 'KM', 'Comores', 'Comoros'),
(49, 'CG', 'Congo', 'Congo'),
(50, 'KP', 'Corée du Nord', 'Korea, Demo. People''s Rep. of'),
(51, 'KR', 'Corée du Sud', 'Korea, (South) Republic of'),
(52, 'CR', 'Costa Rica', 'Costa Rica'),
(53, 'HR', 'Croatie', 'Croatia'),
(54, 'CU', 'Cuba', 'Cuba'),
(55, 'DK', 'Danemark', 'Denmark'),
(56, 'DJ', 'Djibouti', 'Djibouti'),
(57, 'DM', 'Dominique', 'Dominica'),
(58, 'EG', 'Égypte', 'Egypt'),
(59, 'AE', 'Émirats arabes unis', 'United Arab Emirates'),
(60, 'EC', 'Équateur', 'Ecuador'),
(61, 'ER', 'Érythrée', 'Eritrea'),
(62, 'ES', 'Espagne', 'Spain'),
(63, 'EE', 'Estonie', 'Estonia'),
(64, 'US', 'États-Unis', 'United States'),
(65, 'ET', 'Éthiopie', 'Ethiopia'),
(66, 'FI', 'Finlande', 'Finland'),
(67, 'FR', 'France', 'France'),
(68, 'GE', 'Géorgie', 'Georgia'),
(69, 'GA', 'Gabon', 'Gabon'),
(70, 'GM', 'Gambie', 'Gambia, the'),
(71, 'GH', 'Ghana', 'Ghana'),
(72, 'GI', 'Gibraltar', 'Gibraltar'),
(73, 'GR', 'Grèce', 'Greece'),
(74, 'GD', 'Grenade', 'Grenada'),
(75, 'GL', 'Groenland', 'Greenland'),
(76, 'GP', 'Guadeloupe', 'Guinea, Equatorial'),
(77, 'GU', 'Guam', 'Guam'),
(78, 'GT', 'Guatemala', 'Guatemala'),
(79, 'GN', 'Guinée', 'Guinea'),
(80, 'GQ', 'Guinée équatoriale', 'Equatorial Guinea'),
(81, 'GW', 'Guinée-Bissao', 'Guinea-Bissau'),
(82, 'GY', 'Guyana', 'Guyana'),
(83, 'GF', 'Guyane française', 'Guiana, French'),
(84, 'HT', 'Haïti', 'Haiti'),
(85, 'HN', 'Honduras', 'Honduras'),
(86, 'HK', 'Hong Kong', 'Hong Kong, (China)'),
(87, 'HU', 'Hongrie', 'Hungary'),
(88, 'BV', 'Ile Bouvet', 'Bouvet Island'),
(89, 'CX', 'Ile Christmas', 'Christmas Island'),
(90, 'NF', 'Ile Norfolk', 'Norfolk Island'),
(91, 'KY', 'Iles Cayman', 'Cayman Islands'),
(92, 'CK', 'Iles Cook', 'Cook Islands'),
(93, 'FO', 'Iles Féroé', 'Faroe Islands'),
(94, 'FK', 'Iles Falkland', 'Falkland Islands (Malvinas)'),
(95, 'FJ', 'Iles Fidji', 'Fiji'),
(96, 'GS', 'Iles Géorgie du Sud et Sandwich du Sud', 'S. Georgia and S. Sandwich Is.'),
(97, 'HM', 'Iles Heard et McDonald', 'Heard and McDonald Islands'),
(98, 'MH', 'Iles Marshall', 'Marshall Islands'),
(99, 'PN', 'Iles Pitcairn', 'Pitcairn Island'),
(100, 'SB', 'Iles Salomon', 'Solomon Islands'),
(101, 'SJ', 'Iles Svalbard et Jan Mayen', 'Svalbard and Jan Mayen Islands'),
(102, 'TC', 'Iles Turks-et-Caicos', 'Turks and Caicos Islands'),
(103, 'VI', 'Iles Vierges américaines', 'Virgin Islands, U.S.'),
(104, 'VG', 'Iles Vierges britanniques', 'Virgin Islands, British'),
(105, 'CC', 'Iles des Cocos (Keeling)', 'Cocos (Keeling) Islands'),
(106, 'UM', 'Iles mineures éloignées des ÿtats-Unis', 'US Minor Outlying Islands'),
(107, 'IN', 'Inde', 'India'),
(108, 'ID', 'Indonésie', 'Indonesia'),
(109, 'IR', 'Iran', 'Iran, Islamic Republic of'),
(110, 'IQ', 'Iraq', 'Iraq'),
(111, 'IE', 'Irlande', 'Ireland'),
(112, 'IS', 'Islande', 'Iceland'),
(113, 'IL', 'Israël', 'Israel'),
(114, 'IT', 'Italie', 'Italy'),
(115, 'JM', 'Jamaïque', 'Jamaica'),
(116, 'JP', 'Japon', 'Japan'),
(117, 'JO', 'Jordanie', 'Jordan'),
(118, 'KZ', 'Kazakhstan', 'Kazakhstan'),
(119, 'KE', 'Kenya', 'Kenya'),
(120, 'KG', 'Kirghizistan', 'Kyrgyzstan'),
(121, 'KI', 'Kiribati', 'Kiribati'),
(122, 'KW', 'Koweït', 'Kuwait'),
(123, 'LA', 'Laos', 'Lao People''s Democratic Republic'),
(124, 'LS', 'Lesotho', 'Lesotho'),
(125, 'LV', 'Lettonie', 'Latvia'),
(126, 'LB', 'Liban', 'Lebanon'),
(127, 'LR', 'Liberia', 'Liberia'),
(128, 'LY', 'Libye', 'Libyan Arab Jamahiriya'),
(129, 'LI', 'Liechtenstein', 'Liechtenstein'),
(130, 'LT', 'Lituanie', 'Lithuania'),
(131, 'LU', 'Luxembourg', 'Luxembourg'),
(132, 'MO', 'Macao', 'Macao, (China)'),
(133, 'MG', 'Madagascar', 'Madagascar'),
(134, 'MY', 'Malaisie', 'Malaysia'),
(135, 'MW', 'Malawi', 'Malawi'),
(136, 'MV', 'Maldives', 'Maldives'),
(137, 'ML', 'Mali', 'Mali'),
(138, 'MT', 'Malte', 'Malta'),
(139, 'MP', 'Mariannes du Nord', 'Northern Mariana Islands'),
(140, 'MA', 'Maroc', 'Morocco'),
(141, 'MQ', 'Martinique', 'Martinique'),
(142, 'MU', 'Maurice', 'Mauritius'),
(143, 'MR', 'Mauritanie', 'Mauritania'),
(144, 'YT', 'Mayotte', 'Mayotte'),
(145, 'MX', 'Mexique', 'Mexico'),
(146, 'FM', 'Micronésie', 'Micronesia, Federated States of'),
(147, 'MD', 'Moldavie', 'Moldova, Republic of'),
(148, 'MC', 'Monaco', 'Monaco'),
(149, 'MN', 'Mongolie', 'Mongolia'),
(150, 'MS', 'Montserrat', 'Montserrat'),
(151, 'MZ', 'Mozambique', 'Mozambique'),
(152, 'NP', 'Népal', 'Nepal'),
(153, 'NA', 'Namibie', 'Namibia'),
(154, 'NR', 'Nauru', 'Nauru'),
(155, 'NI', 'Nicaragua', 'Nicaragua'),
(156, 'NE', 'Niger', 'Niger'),
(157, 'NG', 'Nigeria', 'Nigeria'),
(158, 'NU', 'Nioué', 'Niue'),
(159, 'NO', 'Norvège', 'Norway'),
(160, 'NC', 'Nouvelle-Calédonie', 'New Caledonia'),
(161, 'NZ', 'Nouvelle-Zélande', 'New Zealand'),
(162, 'OM', 'Oman', 'Oman'),
(163, 'UG', 'Ouganda', 'Uganda'),
(164, 'UZ', 'Ouzbékistan', 'Uzbekistan'),
(165, 'PE', 'Pérou', 'Peru'),
(166, 'PK', 'Pakistan', 'Pakistan'),
(167, 'PA', 'Panama', 'Panama'),
(168, 'PG', 'Papouasie-Nouvelle-Guinée', 'Papua New Guinea'),
(169, 'PY', 'Paraguay', 'Paraguay'),
(170, 'NL', 'Pays-Bas', 'Netherlands'),
(171, 'PH', 'Philippines', 'Philippines'),
(172, 'PL', 'Pologne', 'Poland'),
(173, 'PF', 'Polynésie française', 'French Polynesia'),
(174, 'PR', 'Porto Rico', 'Puerto Rico'),
(175, 'PT', 'Portugal', 'Portugal'),
(176, 'QA', 'Qatar', 'Qatar'),
(177, 'CF', 'République centrafricaine', 'Central African Republic'),
(178, 'CD', 'République démocratique du Congo', 'Congo, Democratic Rep. of the'),
(179, 'DO', 'République dominicaine', 'Dominican Republic'),
(180, 'CZ', 'République tchèque', 'Czech Republic'),
(181, 'RE', 'Réunion', 'Reunion'),
(182, 'RO', 'Roumanie', 'Romania'),
(183, 'GB', 'Royaume-Uni', 'Saint Pierre and Miquelon'),
(184, 'RU', 'Russie', 'Russia (Russian Federation)'),
(185, 'RW', 'Rwanda', 'Rwanda'),
(186, 'SN', 'Sénégal', 'Senegal'),
(187, 'EH', 'Sahara occidental', 'Western Sahara'),
(188, 'KN', 'Saint-Christophe-et-Niévès', 'Saint Kitts and Nevis'),
(189, 'SM', 'Saint-Marin', 'San Marino'),
(190, 'PM', 'Saint-Pierre-et-Miquelon', 'Saint Pierre and Miquelon'),
(191, 'VA', 'Saint-Siège ', 'Vatican City State (Holy See)'),
(192, 'VC', 'Saint-Vincent-et-les-Grenadines', 'Saint Vincent and the Grenadines'),
(193, 'SH', 'Sainte-Hélène', 'Saint Helena'),
(194, 'LC', 'Sainte-Lucie', 'Saint Lucia'),
(195, 'SV', 'Salvador', 'El Salvador'),
(196, 'WS', 'Samoa', 'Samoa'),
(197, 'AS', 'Samoa américaines', 'American Samoa'),
(198, 'ST', 'Sao Tomé-et-Principe', 'Sao Tome and Principe'),
(199, 'SC', 'Seychelles', 'Seychelles'),
(200, 'SL', 'Sierra Leone', 'Sierra Leone'),
(201, 'SG', 'Singapour', 'Singapore'),
(202, 'SI', 'Slovénie', 'Slovenia'),
(203, 'SK', 'Slovaquie', 'Slovakia'),
(204, 'SO', 'Somalie', 'Somalia'),
(205, 'SD', 'Soudan', 'Sudan'),
(206, 'LK', 'Sri Lanka', 'Sri Lanka (ex-Ceilan)'),
(207, 'SE', 'Suède', 'Sweden'),
(208, 'CH', 'Suisse', 'Switzerland'),
(209, 'SR', 'Suriname', 'Suriname'),
(210, 'SZ', 'Swaziland', 'Swaziland'),
(211, 'SY', 'Syrie', 'Syrian Arab Republic'),
(212, 'TW', 'Taïwan', 'Taiwan'),
(213, 'TJ', 'Tadjikistan', 'Tajikistan'),
(214, 'TZ', 'Tanzanie', 'Tanzania, United Republic of'),
(215, 'TD', 'Tchad', 'Chad'),
(216, 'TF', 'Terres australes françaises', 'French Southern Territories - TF'),
(217, 'IO', 'Territoire britannique de l''Océan Indien', 'British Indian Ocean Territory'),
(218, 'TH', 'Thaïlande', 'Thailand'),
(219, 'TL', 'Timor Oriental', 'Timor-Leste (East Timor)'),
(220, 'TG', 'Togo', 'Togo'),
(221, 'TK', 'Tokélaou', 'Tokelau'),
(222, 'TO', 'Tonga', 'Tonga'),
(223, 'TT', 'Trinité-et-Tobago', 'Trinidad & Tobago'),
(224, 'TN', 'Tunisie', 'Tunisia'),
(225, 'TM', 'Turkménistan', 'Turkmenistan'),
(226, 'TR', 'Turquie', 'Turkey'),
(227, 'TV', 'Tuvalu', 'Tuvalu'),
(228, 'UA', 'Ukraine', 'Ukraine'),
(229, 'UY', 'Uruguay', 'Uruguay'),
(230, 'VU', 'Vanuatu', 'Vanuatu'),
(231, 'VE', 'Venezuela', 'Venezuela'),
(232, 'VN', 'Viêt Nam', 'Viet Nam'),
(233, 'WF', 'Wallis-et-Futuna', 'Wallis and Futuna'),
(234, 'YE', 'Yémen', 'Yemen'),
(235, 'YU', 'Yougoslavie', 'Saint Pierre and Miquelon'),
(236, 'ZM', 'Zambie', 'Zambia'),
(237, 'ZW', 'Zimbabwe', 'Zimbabwe'),
(238, 'MK', 'ex-République yougoslave de Macédoine', 'Macedonia, TFYR'),
(239, 'GB', 'Grande-Bretagne', 'Great Britain');

-- --------------------------------------------------------

--
-- Structure de la table `province`
--

CREATE TABLE IF NOT EXISTS `province` (
  `abbreviation` varchar(2) COLLATE utf8_bin NOT NULL,
  `name` varchar(50) COLLATE utf8_bin NOT NULL,
  `capital` int(3) unsigned DEFAULT NULL
) ENGINE=InnoDB DEFAULT CHARSET=utf8 COLLATE=utf8_bin;

--
-- Contenu de la table `province`
--

INSERT INTO `province` (`abbreviation`, `name`, `capital`) VALUES
('AB', 'Alberta', 5),
('BC', 'British Columbia', 67),
('MB', 'Manitoba', 7),
('NB', 'New Brunswick', 90),
('NL', 'Newfoundland and Labrador', 48),
('NS', 'Nova Scotia', 14),
('ON', 'Ontario', 1),
('PE', 'Prince Edward Island', 101),
('QC', 'Quebec', 11),
('SK', 'Saskatchewan', 24);

-- --------------------------------------------------------

--
-- Structure de la table `student`
--

CREATE TABLE IF NOT EXISTS `student` (
  `id` int(11) NOT NULL,
  `name` varchar(100) NOT NULL,
  `birthday` date NOT NULL,
  `city_id` int(3) unsigned NOT NULL,
  `country_id` smallint(3) unsigned NOT NULL
) ENGINE=InnoDB AUTO_INCREMENT=720 DEFAULT CHARSET=utf8;

--
-- Contenu de la table `student`
--

INSERT INTO `student` (`id`, `name`, `birthday`, `city_id`, `country_id`) VALUES
(1, 'Chinua Achebe', '1990-11-16', 85, 159),
(2, 'Arlene Ackerman', '2007-01-10', 73, 117),
(3, 'Herbert M. Allison', '2003-08-24', 12, 112),
(4, 'Giulio Andreotti', '1979-01-14', 41, 208),
(5, 'Patty Andrews', '1978-02-16', 69, 229),
(6, 'Michael Ansara', '1982-04-15', 21, 50),
(7, 'Allan Arbus', '1978-02-15', 99, 37),
(8, 'Kevin Ayers', '2004-08-16', 29, 34),
(9, 'Conrad Bain', '1983-02-04', 53, 60),
(10, 'Aleksei Balabanov', '2009-02-25', 74, 199),
(11, 'Frank Bank', '2002-04-12', 11, 102),
(12, 'Iain Banks', '2004-02-16', 34, 153),
(13, 'Peter Banks', '2007-07-15', 36, 223),
(14, 'Walt Bellamy', '1999-07-24', 79, 180),
(15, 'Boris Berezovsky', '2006-01-23', 85, 233),
(16, 'Karen Black', '1999-07-01', 90, 150),
(17, 'Patricia Blair', '1991-01-15', 92, 51),
(18, 'Bobby Bland', '1990-01-27', 89, 42),
(19, 'Lindy Boggs', '1976-03-13', 71, 57),
(20, 'Trevor Bolder', '2010-05-09', 89, 160),
(21, 'Amar Bose', '1989-11-02', 31, 155),
(22, 'Otis R. Bowen', '1978-02-26', 88, 58),
(23, 'George E. P. Box', '1979-10-18', 47, 65),
(24, 'Michel Brault', '1988-05-25', 72, 150),
(25, 'Eileen Brennan', '1992-09-03', 16, 82),
(26, 'Mario Brescia', '1989-09-25', 67, 198),
(27, 'Richard Briers', '1994-01-14', 84, 32),
(28, 'Joyce Brothers', '1987-09-20', 19, 43),
(29, 'Mary Ward Brown', '1977-05-18', 43, 118),
(30, 'James M. Buchanan', '1979-10-02', 60, 223),
(31, 'Arnold I. Burns', '1990-04-14', 70, 54),
(32, 'Gene Burns', '2000-12-03', 68, 72),
(33, 'Jerry Buss', '1994-05-15', 32, 201),
(34, 'Jack Butler', '1987-11-12', 56, 78),
(35, 'Donald Byrd', '1992-12-09', 84, 25),
(36, 'Harry F. Byrd', '1974-12-20', 48, 128),
(37, 'J. J. Cale', '1998-12-05', 92, 91),
(38, 'David F. Cargo', '1989-01-13', 14, 70),
(39, 'Scott Carpenter', '1995-06-02', 95, 80),
(40, 'Carolyn Cassady', '1983-04-28', 29, 190),
(41, 'Ariel Castro', '2000-07-10', 66, 1),
(42, 'Paul Cellucci', '2008-04-24', 38, 141),
(43, 'Hugo Chavez', '2004-07-28', 95, 231),
(44, 'Patrice Chéreau', '2004-11-02', 58, 20),
(45, 'Tom Clancy', '2007-04-12', 4, 119),
(46, 'William P. Clark', '1991-10-23', 49, 64),
(47, 'Van Cliburn', '1994-07-12', 31, 199),
(48, 'Ronald H. Coase', '1970-12-29', 11, 92),
(49, 'Cardiss Collins', '1991-09-24', 61, 101),
(50, 'Jeanne Cooper', '1988-10-25', 70, 230),
(51, 'William J. Coyne', '1996-08-24', 67, 138),
(52, 'Richard Ben Cramer', '2010-05-12', 23, 236),
(53, 'Dennis D. Dammerman', '2005-11-04', 19, 54),
(54, 'Nigel Davenport', '1997-03-18', 24, 38),
(55, 'Colin Davis', '1987-09-25', 65, 29),
(56, 'Bud Day', '1985-02-24', 53, 32),
(57, 'Paul G. Desmarais', '1987-01-04', 68, 71),
(58, 'Paul Dietzel', '1984-09-05', 83, 23),
(59, 'Ray Milton Dolby', '1993-01-18', 9, 140),
(60, 'Art Donovan', '1985-05-05', 100, 157),
(61, 'George Duke', '2006-01-12', 70, 129),
(62, 'Deanna Durbin', '1981-12-04', 51, 175),
(63, 'Christian de Duve', '1977-10-02', 44, 12),
(64, 'Ronald Dworkin', '1991-12-11', 70, 12),
(65, 'Roger Ebert', '2002-05-18', 14, 22),
(66, 'Bob Edgar', '2001-09-28', 61, 78),
(67, 'Robert G. Edwards', '1985-09-27', 64, 85),
(68, 'Doug Engelbart', '1985-01-30', 36, 191),
(69, 'Chuck Fairbanks', '1993-05-10', 88, 226),
(70, 'Dennis Farina', '2004-02-29', 31, 86),
(71, 'Vince Flynn', '2006-04-06', 94, 226),
(72, 'Robert W. Fogel', '1986-07-01', 76, 159),
(73, 'Tom Foley', '1989-03-06', 97, 119),
(74, 'Bryan Forbes', '1986-07-22', 56, 117),
(75, 'Steve Forrest', '1984-09-29', 91, 231),
(76, 'Jesus Franco', '2005-11-21', 87, 91),
(77, 'Bonnie Franklin', '2004-01-06', 58, 1),
(78, 'Peter Fraser', '1990-01-02', 33, 205),
(79, 'Edward A. Frieman', '1986-01-19', 89, 74),
(80, 'David Frost', '1999-04-07', 46, 229),
(81, 'Annette Funicello', '2002-10-22', 63, 211),
(82, 'James Gandolfini', '2001-09-18', 77, 135),
(83, 'Booth Gardner', '1996-08-21', 93, 41),
(84, 'Leonard Garment', '1985-06-30', 36, 36),
(85, 'Jack Germond', '1988-01-30', 1, 59),
(86, 'Vo Nguyen Giap', '1971-08-25', 1, 189),
(87, 'Virginia Gibson', '1988-04-09', 100, 55),
(88, 'John J. Gilligan', '1981-03-22', 94, 184),
(89, 'Donald A. Glaser', '1986-09-21', 70, 42),
(90, 'Carl D. Glickman', '1986-07-29', 69, 135),
(91, 'Eydie Gorme', '1988-08-16', 36, 73),
(92, 'Rod Grams', '2008-02-04', 73, 199),
(93, 'Mike Gray', '1995-10-26', 57, 64),
(94, 'William H. Gray', '2001-08-20', 67, 197),
(95, 'Richard Griffiths', '2007-07-31', 61, 84),
(96, 'Martin L. Gross', '1985-08-15', 5, 65),
(97, 'William L. Guy', '1979-09-30', 45, 75),
(98, 'Jeff Hanneman', '2004-01-31', 10, 182),
(99, 'Julie Harris', '1985-12-02', 13, 209),
(100, 'Noel Harrison', '1994-01-29', 37, 24),
(101, 'Ray Harryhausen', '1980-05-29', 47, 207),
(102, 'William Dodd Hathaway', '1984-02-21', 22, 16),
(103, 'Richie Havens', '2001-01-21', 72, 168),
(104, 'Hazel Hawke', '1989-07-20', 93, 81),
(105, 'Seamus Heaney', '1999-04-13', 48, 141),
(106, 'George Herbig', '1980-01-02', 61, 226),
(107, 'Oscar Hijuelos', '2011-08-24', 60, 233),
(108, 'Earl Holding', '1986-11-29', 16, 13),
(109, 'John Hollander', '1989-10-28', 4, 80),
(110, 'James Holshouser', '1994-10-08', 73, 122),
(111, 'Gyula Horn', '1992-07-05', 50, 133),
(112, 'Donald F. Hornig', '1980-03-17', 31, 63),
(113, 'Huell Howser', '2005-10-18', 4, 155),
(114, 'David H. Hubel', '1986-02-27', 29, 110),
(115, 'Alfred F. Hurley', '1988-10-16', 33, 85),
(116, 'Thomas Penfield Jackson', '1997-01-10', 77, 96),
(117, 'François Jacob', '1980-05-17', 88, 227),
(118, 'Don James', '1992-12-31', 5, 134),
(119, 'David E. Jeremiah', '1994-02-25', 63, 228),
(120, 'Ruth Prawer Jhabvala', '2004-12-14', 2, 28),
(121, 'Caldwell Johnson', '1979-10-16', 12, 168),
(122, 'Haynes Johnson', '1991-07-09', 60, 46),
(123, 'David C. Jones', '1981-07-09', 65, 201),
(124, 'Deacon Jones', '1998-12-09', 42, 157),
(125, 'George Jones', '1991-09-12', 18, 182),
(126, 'Max Kampelman', '1980-11-07', 66, 204),
(127, 'Jerome Karle', '1978-05-18', 73, 2),
(128, 'Stanley Karnow', '1985-02-04', 65, 97),
(129, 'Stanley Kauffmann', '1976-04-24', 9, 12),
(130, 'Dick Kazmaier', '1990-11-23', 50, 7),
(131, 'Chris Kelly', '2008-08-11', 20, 1),
(132, 'Jim Kelly', '2001-04-20', 53, 218),
(133, 'Lisa Robin Kelly', '2000-03-05', 4, 143),
(134, 'Frank B. Kelso II', '1993-07-11', 65, 60),
(135, 'John Kerr', '1991-11-15', 10, 108),
(136, 'Penn Kimball', '1975-10-12', 59, 124),
(137, 'E. Robert Kinney', '1977-04-09', 60, 61),
(138, 'Lawrence R. Klein', '1980-09-14', 24, 170),
(139, 'Ralph Klein', '2002-11-01', 42, 195),
(140, 'Ed Koch', '1984-12-12', 38, 226),
(141, 'C. Everett Koop', '1976-10-14', 65, 73),
(142, 'Alice Kundert', '1980-07-23', 7, 161),
(143, 'David Kuo', '2008-05-26', 44, 114),
(144, 'Bob Kurland', '1984-12-23', 99, 86),
(145, 'Bernadette Lafont', '1998-10-26', 62, 89),
(146, 'Bert Lance', '1991-05-03', 11, 188),
(147, 'Frank Lautenberg', '1984-01-23', 72, 197),
(148, 'Ed Lauter', '2000-10-30', 25, 188),
(149, 'Francis L. Lawrence', '1997-08-25', 10, 111),
(150, 'George M. Leader', '1978-01-17', 76, 230),
(151, 'Alvin Lee', '2004-12-19', 46, 106),
(152, 'Elmore Leonard', '1985-10-11', 6, 76),
(153, 'Gerda Lerner', '1980-04-30', 91, 63),
(154, 'Anthony Lewis', '1987-03-27', 35, 90),
(155, 'Jackie Lomax', '2004-10-09', 1, 22),
(156, 'Kennett Love', '1984-08-17', 5, 77),
(157, 'Bigas Luna', '2006-03-19', 20, 84),
(158, 'Gerald W. Lynch', '1997-03-24', 86, 190),
(159, 'Rita MacNeil', '1995-11-17', 67, 222),
(160, 'Ray Manzarek', '1999-02-12', 79, 66),
(161, 'Wilfried Martens', '1996-04-19', 94, 142),
(162, 'Richard Matheson', '1986-02-20', 31, 36),
(163, 'Pierre Mauroy', '1988-07-05', 76, 227),
(164, 'John Y. McCollister', '1981-05-10', 85, 81),
(165, 'Mindy McCready', '2005-11-30', 95, 198),
(166, 'Mary Ann G. McMorrow', '1990-01-16', 18, 38),
(167, 'Marian McPartland', '1978-03-20', 6, 70),
(168, 'Robert H. McWilliams', '1976-04-27', 81, 235),
(169, 'Thomas M. Messer', '1980-02-09', 84, 20),
(170, 'Rentaro Mikuni', '1983-01-20', 76, 105),
(171, 'Cory Monteith', '2002-06-15', 27, 230),
(172, 'Sara Montiel', '1988-03-10', 10, 122),
(173, 'Henry Morgentaler', '1983-03-19', 70, 158),
(174, 'Steven Muller', '1987-11-22', 16, 187),
(175, 'Albert L. Murray', '1987-06-01', 72, 224),
(176, 'Stan Musial', '1980-11-21', 10, 87),
(177, 'Hal Needham', '1991-03-06', 37, 4),
(178, 'Dawn Clark Netsch', '1986-09-16', 53, 212),
(179, 'Al Neuharth', '1984-03-22', 55, 113),
(180, 'Ken Norton', '2005-08-09', 15, 166),
(181, 'Milo O''Shea', '1986-05-02', 12, 20),
(182, 'Major Owens', '1996-05-28', 13, 75),
(183, 'Patti Page', '1987-11-08', 31, 80),
(184, 'Mark Palmer', '2001-07-14', 18, 176),
(185, 'Jack Pardee', '1996-04-19', 95, 165),
(186, 'Ace Parker', '1988-02-10', 20, 60),
(187, 'Merton J. Peck', '1985-12-17', 15, 42),
(188, 'Bob Perry', '1992-10-30', 19, 31),
(189, 'Bum Phillips', '1983-09-29', 47, 31),
(190, 'Howard Phillips', '2001-02-03', 80, 63),
(191, 'McCandlish Phillips', '1987-12-04', 57, 223),
(192, 'Frederik Pohl', '1979-11-26', 46, 216),
(193, 'Henry Polic II', '2005-02-20', 58, 173),
(194, 'William Pollack', '1986-02-26', 54, 219),
(195, 'Poncie Ponce', '1993-04-10', 96, 100),
(196, 'Ted Post', '1978-03-31', 16, 80),
(197, 'Richard Ramirez', '2000-02-29', 95, 100),
(198, 'Chopper Read', '2004-11-17', 21, 25),
(199, 'Henry Hope Reed', '1975-09-25', 25, 61),
(200, 'Lou Reed', '2002-03-02', 64, 230),
(201, 'Harry Reems', '2007-08-27', 42, 20),
(202, 'Elliott Reid', '1980-01-16', 16, 123),
(203, 'Robert V. Remini', '1981-07-17', 59, 82),
(204, 'Morris Renek', '1985-03-12', 46, 39),
(205, 'Marc Rich', '1994-12-18', 52, 188),
(206, 'Robert C. Richardson', '1997-05-26', 23, 113),
(207, 'Dale Robertson', '1983-07-14', 59, 2),
(208, 'Jay Robinson', '1990-04-14', 25, 147),
(209, 'Paul Rogers', '1977-03-22', 50, 16),
(210, 'Heinrich Rohrer', '1993-05-06', 76, 114),
(211, 'Renato Ruggiero', '1990-04-09', 26, 48),
(212, 'Stephen J. Ryan', '2000-03-20', 3, 138),
(213, 'Ferrol Sams', '1982-09-26', 41, 70),
(214, 'Richard C. Sarafian', '1990-04-28', 95, 175),
(215, 'Wolfgang Sawallisch', '1983-08-26', 48, 190),
(216, 'George A. Schaefer', '1988-05-13', 59, 189),
(217, 'August Schellenberg', '1996-07-25', 50, 139),
(218, 'William W. Scranton', '1977-07-19', 73, 128),
(219, 'Bill Sharman', '2001-01-12', 14, 222),
(220, 'E. Clay Shaw', '1999-04-19', 54, 18),
(221, 'George Beverly Shea', '1969-02-01', 27, 136),
(222, 'Ike Skelton', '1991-12-20', 74, 150),
(223, 'Mel Smith', '2002-12-03', 87, 109),
(224, 'Arlan Stangeland', '1990-02-08', 10, 92),
(225, 'Jean Stapleton', '1983-01-19', 93, 134),
(226, 'Graham Stark', '1982-01-20', 31, 160),
(227, 'Richard G. Stern', '1988-02-25', 78, 159),
(228, 'Risë Stevens', '1973-05-11', 96, 79),
(229, 'Maxine Stuart', '1978-05-28', 47, 155),
(230, 'William H. Sullivan', '1982-10-12', 46, 64),
(231, 'Pat Summerall', '1997-08-18', 91, 92),
(232, 'Aaron Swartz', '2006-11-08', 12, 33),
(233, 'Maria Tallchief', '1985-01-24', 94, 127),
(234, 'Julia H. Tashjian', '1998-05-08', 28, 64),
(235, 'John Tavener', '2004-01-28', 61, 175),
(236, 'Margaret Thatcher', '1985-10-13', 18, 208),
(237, 'Mary Thom', '2004-05-03', 8, 41),
(238, 'Helen Thomas', '1980-08-04', 88, 58),
(239, 'Frank Thornton', '1981-01-15', 11, 166),
(240, 'Richard Thorp', '1992-01-02', 97, 181),
(241, 'Malachi Throne', '1988-12-01', 48, 172),
(242, 'Dick Trickle', '2001-10-27', 48, 79),
(243, 'Charlie Trotter', '2009-09-08', 100, 118),
(244, 'Tamerlan Tsarnaev', '2006-10-21', 52, 118),
(245, 'Fred L. Turner', '1993-01-06', 62, 233),
(246, 'Abigail Van Buren', '1978-07-04', 53, 103),
(247, 'Jack Vance', '1976-08-28', 81, 53),
(248, 'John D. Vanderhoof', '1998-11-28', 45, 195),
(249, 'Charles Varnadore', '2001-03-24', 84, 104),
(250, 'Ken Venturi', '2010-06-01', 84, 174),
(251, 'Jacques Vergès', '1985-03-05', 67, 84),
(252, 'Barbara F. Vucanovich', '1981-05-22', 83, 137),
(253, 'Marcia Wallace', '2002-11-01', 10, 194),
(254, 'Kenneth N. Waltz', '1984-05-08', 7, 85),
(255, 'Essie Mae Washington-Williams', '1985-10-12', 5, 80),
(256, 'Earl Weaver', '1990-08-14', 4, 145),
(257, 'John Fenton Wheeler', '1984-04-10', 6, 11),
(258, 'Slim Whitman', '1984-01-20', 18, 96),
(259, 'Esther Williams', '1981-08-08', 75, 210),
(260, 'Charlie Wilson', '2003-01-18', 16, 53),
(261, 'Kenneth G. Wilson', '1996-05-08', 57, 108),
(262, 'Michael Winner', '1995-10-30', 37, 144),
(263, 'Jonathan Winters', '1985-11-11', 12, 162),
(264, 'Cal Worthington', '1980-11-27', 53, 138),
(265, 'Bill Young', '1990-12-16', 26, 208),
(266, 'Fanny Lemaire', '2004-01-08', 72, 150),
(267, 'fdsfdsds', '2005-03-03', 80, 127),
(309, 'Cecille Pooley', '0000-00-00', 11, 213),
(310, 'Venice Gaylord', '0000-00-00', 17, 36),
(311, 'Marcos Roudebush', '0000-00-00', 25, 185),
(312, 'Marcela Labuda', '0000-00-00', 17, 125),
(313, 'Katelynn China', '0000-00-00', 11, 230),
(314, 'Hilda Head', '0000-00-00', 65, 24),
(315, 'Berry Holts', '0000-00-00', 58, 139),
(316, 'Ivette Magallan', '0000-00-00', 19, 51),
(317, 'Lavelle Gribble', '0000-00-00', 49, 195),
(318, 'Vannesa Sponaugle', '0000-00-00', 64, 166),
(319, 'Rayna Phares', '0000-00-00', 62, 230),
(320, 'Alishia Brayboy', '0000-00-00', 1, 33),
(321, 'Fausto Zirbel', '0000-00-00', 67, 217),
(322, 'Misti Facey', '0000-00-00', 59, 49),
(323, 'Shyla Schuh', '0000-00-00', 26, 158),
(324, 'Ophelia Odoms', '0000-00-00', 46, 151),
(325, 'Neida Wehner', '0000-00-00', 83, 48),
(326, 'Carrol Larue', '0000-00-00', 55, 28),
(327, 'Thea Linker', '0000-00-00', 98, 115),
(328, 'Jacelyn Garica', '0000-00-00', 52, 31),
(329, 'Adan Byham', '0000-00-00', 10, 32),
(330, 'Bernie Hollingshead', '0000-00-00', 36, 98),
(331, 'Odette Lasker', '0000-00-00', 98, 152),
(332, 'Diana Soltis', '0000-00-00', 29, 120),
(333, 'Tisha Desper', '0000-00-00', 67, 197),
(334, 'Lael Maris', '0000-00-00', 24, 6),
(335, 'Lauren Byram', '0000-00-00', 42, 4),
(336, 'Ronny Kloss', '0000-00-00', 83, 23),
(338, 'Shakita Leroux', '0000-00-00', 62, 217),
(339, 'Shakita Leroux', '0000-00-00', 57, 90),
(340, 'Krissy Griner', '0000-00-00', 20, 205),
(341, 'Johnetta Tomaszewski', '0000-00-00', 74, 16),
(342, 'Shasta Murden', '0000-00-00', 14, 123),
(343, 'Cathern Yuen', '0000-00-00', 93, 169),
(344, 'Evelia Kanagy', '0000-00-00', 82, 220),
(345, 'Sherlene Fehrenbach', '0000-00-00', 20, 53),
(346, 'Nada Haight', '0000-00-00', 53, 225),
(347, 'Nell Lininger', '0000-00-00', 18, 10),
(348, 'Xavier Perrigo', '0000-00-00', 68, 61),
(349, 'Mercedez Ahner', '0000-00-00', 26, 130),
(350, 'Jenna Watkin', '0000-00-00', 95, 21),
(351, 'Ezequiel Baird', '0000-00-00', 35, 190),
(352, 'Natalya Haberman', '0000-00-00', 96, 89),
(353, 'Marcy Heidel', '0000-00-00', 1, 223),
(354, 'Zachary Mitzel', '0000-00-00', 67, 125),
(355, 'Florene Meigs', '0000-00-00', 63, 129),
(356, 'Marry Constantine', '0000-00-00', 86, 150),
(357, 'Lorinda Mabrey', '0000-00-00', 62, 41),
(358, 'Benny Salmon', '0000-00-00', 2, 139),
(359, 'Jennine Meaders', '0000-00-00', 88, 140),
(360, 'Tressie Camillo', '0000-00-00', 35, 234),
(361, 'Leonila Rempel', '0000-00-00', 54, 213),
(362, 'Harriet Venturi', '0000-00-00', 88, 157),
(363, 'Theo Bustle', '0000-00-00', 70, 116),
(364, 'Forest Yarber', '0000-00-00', 36, 80),
(365, 'Marcy Damico', '0000-00-00', 61, 6),
(366, 'Lyn Reisner', '0000-00-00', 31, 109),
(367, 'Carolin Pechacek', '0000-00-00', 39, 136),
(368, 'Raylene Burrowes', '0000-00-00', 70, 179),
(369, 'Desirae Nauman', '0000-00-00', 70, 48),
(370, 'Onie Cumbo', '0000-00-00', 13, 59),
(371, 'Lory Erikson', '0000-00-00', 86, 123),
(372, 'Marcella Verhoeven', '0000-00-00', 3, 147),
(373, 'Lecia Croley', '0000-00-00', 100, 29),
(374, 'June Turgeon', '0000-00-00', 62, 175),
(375, 'Cristie Wozniak', '0000-00-00', 84, 223),
(376, 'Lucio Tasker', '0000-00-00', 22, 69),
(377, 'Glenna Ruggles', '0000-00-00', 79, 13),
(378, 'David Zarrella', '0000-00-00', 92, 102),
(379, 'Chasity Arbaugh', '0000-00-00', 40, 168),
(380, 'Herman Curfman', '0000-00-00', 62, 83),
(381, 'Olive Borrero', '0000-00-00', 92, 111),
(382, 'Trula Renick', '0000-00-00', 64, 180),
(383, 'Georgiana Groat', '0000-00-00', 90, 40),
(384, 'Cyndi Breazeale', '0000-00-00', 18, 97),
(385, 'Rae Tedder', '0000-00-00', 49, 52),
(386, 'Paola Gasser', '0000-00-00', 65, 127),
(387, 'Alec Laubach', '0000-00-00', 76, 35),
(388, 'Raymundo Zale', '0000-00-00', 49, 237),
(389, 'Tula Swick', '0000-00-00', 54, 158),
(390, 'Ayanna Leaman', '0000-00-00', 75, 161),
(391, 'Ambrose Roye', '0000-00-00', 18, 207),
(392, 'Rogelio Jacquemin', '0000-00-00', 82, 105),
(393, 'Cynthia Biehl', '0000-00-00', 80, 148),
(394, 'Ladawn Hornick', '0000-00-00', 76, 208),
(395, 'Loan Hedley', '0000-00-00', 12, 233),
(396, 'Dot Kuchera', '0000-00-00', 56, 190),
(397, 'Kristan Manos', '0000-00-00', 36, 91),
(398, 'Youlanda Kenna', '0000-00-00', 87, 30),
(399, 'Kip Sabella', '0000-00-00', 6, 222),
(400, 'Marcie Lasky', '0000-00-00', 50, 154),
(401, 'Margeret Chartier', '0000-00-00', 78, 212),
(402, 'France Striegel', '0000-00-00', 16, 26),
(403, 'Cherish Worthey', '0000-00-00', 9, 26),
(404, 'Sharron Weber', '0000-00-00', 29, 26),
(405, 'Talisha Fulgham', '0000-00-00', 71, 34),
(406, 'Darleen Blasko', '0000-00-00', 65, 180),
(407, 'Nery Corbell', '0000-00-00', 89, 26),
(408, 'Gigi Mckellar', '0000-00-00', 93, 60),
(409, 'Wade Wegener', '0000-00-00', 53, 200),
(410, 'Grisel Folts', '0000-00-00', 65, 162),
(411, 'Marcela Kreiner', '0000-00-00', 34, 169),
(412, 'Hiedi Reiley', '0000-00-00', 56, 148),
(413, 'Ludie Stecklein', '0000-00-00', 48, 114),
(414, 'Layla Walburn', '0000-00-00', 101, 124),
(415, 'Cleotilde Hu', '0000-00-00', 65, 147),
(416, 'Danica Caverly', '0000-00-00', 19, 21),
(417, 'Lettie Hannigan', '0000-00-00', 89, 29),
(418, 'Rosario Thornell', '0000-00-00', 100, 133),
(419, 'Hassie Behling', '0000-00-00', 85, 119),
(421, 'Glenna Dimaggio', '0000-00-00', 50, 234),
(422, 'Arden Hardaway', '0000-00-00', 35, 195),
(423, 'Nenita Batchelder', '0000-00-00', 4, 185),
(424, 'Tom Parke', '0000-00-00', 76, 101),
(425, 'Jayson Leisinger', '0000-00-00', 88, 16),
(426, 'Kristie Basch', '0000-00-00', 75, 118),
(427, 'Naida Krom', '0000-00-00', 27, 201),
(428, 'Lilian Hilgefort', '0000-00-00', 44, 151),
(429, 'Josefina Clack', '0000-00-00', 88, 105),
(430, 'Ernie Linder', '0000-00-00', 62, 173),
(431, 'Ozie Ellzey', '0000-00-00', 81, 197),
(432, 'Sophie Solley', '0000-00-00', 75, 53),
(433, 'Sofia Douse', '0000-00-00', 91, 196),
(434, 'Cletus Brammer', '0000-00-00', 43, 156),
(436, 'Simona Yohe', '0000-00-00', 23, 237),
(437, 'Simona Yohe', '0000-00-00', 87, 101),
(438, 'Amy Locascio', '0000-00-00', 54, 96),
(439, 'Destiny Dieguez', '0000-00-00', 41, 200),
(440, 'Robbin Coale', '0000-00-00', 100, 98),
(441, 'Rosamaria Jess', '0000-00-00', 10, 63),
(442, 'Bambi Hershman', '0000-00-00', 2, 74),
(443, 'Marlyn Selvidge', '0000-00-00', 50, 126),
(444, 'Beau Shuster', '0000-00-00', 17, 66),
(445, 'Keena Michalski', '0000-00-00', 89, 125),
(446, 'Jolene Wamsley', '0000-00-00', 1, 119),
(447, 'Jame Mao', '0000-00-00', 47, 194),
(448, 'Kendra Crader', '0000-00-00', 70, 1),
(449, 'Aldo Tanguay', '0000-00-00', 97, 181),
(450, 'Dalene Dahm', '0000-00-00', 95, 97),
(451, 'Arlean Garten', '0000-00-00', 22, 212),
(452, 'Celia Mckitrick', '0000-00-00', 81, 77),
(453, 'Kaleigh Laurin', '0000-00-00', 23, 36),
(454, 'Lu Vice', '0000-00-00', 8, 225),
(455, 'Dennise Chou', '0000-00-00', 49, 143),
(456, 'Veronique Montville', '0000-00-00', 56, 225),
(457, 'Carlotta Noel', '0000-00-00', 8, 132),
(458, 'Shanell Ebbert', '0000-00-00', 55, 14),
(459, 'Candace Su', '0000-00-00', 67, 34),
(460, 'Angelika Cutsforth', '0000-00-00', 75, 58),
(461, 'Shae Braatz', '0000-00-00', 1, 79),
(462, 'Eilene Crosswhite', '0000-00-00', 63, 26),
(463, 'Jestine Heffley', '0000-00-00', 69, 23),
(464, 'Porter Lewellen', '0000-00-00', 45, 218),
(465, 'Thresa Boettcher', '0000-00-00', 26, 124),
(466, 'Filomena Verne', '0000-00-00', 87, 170),
(468, 'Leeanne Monty', '0000-00-00', 45, 130),
(469, 'Leeanne Monty', '0000-00-00', 98, 115),
(470, 'Cindie Crisman', '0000-00-00', 53, 44),
(471, 'Delinda Rusher', '0000-00-00', 35, 45),
(472, 'Jonie Leaton', '0000-00-00', 91, 219),
(473, 'Randall Alberto', '0000-00-00', 92, 188),
(474, 'Jasmin Houk', '0000-00-00', 23, 180),
(475, 'Letha Marciano', '0000-00-00', 12, 75),
(476, 'Echo Lefevers', '0000-00-00', 22, 35),
(477, 'Santos Kogan', '0000-00-00', 8, 232),
(478, 'Beata Nevarez', '0000-00-00', 63, 46),
(479, 'Versie Shorter', '0000-00-00', 11, 228),
(480, 'Yukiko Dollinger', '0000-00-00', 47, 108),
(481, 'Deandre Cronk', '0000-00-00', 89, 4),
(482, 'Fay Hemmer', '0000-00-00', 46, 57),
(483, 'Shawana Chesnutt', '0000-00-00', 84, 101),
(484, 'Caterina Kerfoot', '0000-00-00', 65, 219),
(485, 'Jae Kamel', '0000-00-00', 69, 155),
(486, 'Eldora Bagg', '0000-00-00', 21, 25),
(487, 'Marti Markus', '0000-00-00', 92, 48),
(488, 'Scarlett Gunder', '0000-00-00', 31, 216),
(489, 'Rod Kohlmeier', '0000-00-00', 64, 106),
(490, 'Mohammed Waterbury', '0000-00-00', 33, 71),
(491, 'Torie Villalta', '0000-00-00', 53, 167),
(492, 'Elizbeth Oniel', '0000-00-00', 97, 157),
(493, 'Denny Mccallion', '0000-00-00', 45, 57),
(494, 'Kia Dickison', '0000-00-00', 88, 144),
(495, 'Mabelle Jonason', '0000-00-00', 43, 80),
(496, 'Ebonie Ignacio', '0000-00-00', 40, 233),
(497, 'Angella Haddock', '0000-00-00', 72, 149),
(498, 'Earl Sanderson', '0000-00-00', 101, 19),
(499, 'Joann Arjona', '0000-00-00', 43, 214),
(500, 'Zandra Moose', '0000-00-00', 21, 87),
(501, 'Ima Choat', '0000-00-00', 19, 207),
(502, 'Fritz Sokoloff', '0000-00-00', 78, 58),
(503, 'Winnie Gravitt', '0000-00-00', 93, 201),
(504, 'Valene Tobler', '0000-00-00', 48, 202),
(505, 'Avery Greenawalt', '0000-00-00', 83, 124),
(506, 'Asuncion Ory', '0000-00-00', 18, 77),
(507, 'Christia Stull', '0000-00-00', 9, 116),
(508, 'Evette Blacker', '0000-00-00', 16, 77),
(509, 'Ela Kangas', '0000-00-00', 15, 190),
(510, 'Pei Vandehey', '0000-00-00', 54, 65),
(511, 'Laure Dudas', '0000-00-00', 79, 11),
(512, 'Kellye Waite', '0000-00-00', 93, 104),
(513, 'Amos Moroney', '0000-00-00', 44, 208),
(514, 'Audra Bosket', '0000-00-00', 7, 170),
(515, 'Basilia Portillo', '0000-00-00', 38, 175),
(516, 'Lavada Slinkard', '0000-00-00', 56, 135),
(517, 'Nana Solley', '0000-00-00', 18, 41),
(518, 'Pinkie Mozee', '0000-00-00', 35, 53),
(519, 'Candida Mcclintic', '0000-00-00', 6, 153),
(520, 'Malinda Blazier', '0000-00-00', 4, 65),
(521, 'Myesha Fowler', '0000-00-00', 25, 99),
(522, 'Adelle Kibby', '0000-00-00', 34, 106),
(523, 'Josue Uriarte', '0000-00-00', 22, 175),
(524, 'Crystal Stier', '0000-00-00', 4, 2),
(525, 'Valentina Gauna', '0000-00-00', 94, 136),
(526, 'Luanne Uhlig', '0000-00-00', 11, 196),
(527, 'Rubi Maust', '0000-00-00', 80, 116),
(528, 'Myrle Kirch', '0000-00-00', 6, 201),
(529, 'Georgeann Sisco', '0000-00-00', 4, 162),
(530, 'Francisco Hatton', '0000-00-00', 29, 92),
(531, 'Tammie Dials', '0000-00-00', 8, 58),
(532, 'Roni Shively', '0000-00-00', 100, 46),
(534, 'Betsey Bieber', '0000-00-00', 22, 178),
(535, 'Betsey Bieber', '0000-00-00', 66, 216),
(536, 'Danae Pendergast', '0000-00-00', 60, 56),
(537, 'Arminda Whitehair', '0000-00-00', 40, 68),
(538, 'Madelaine Besser', '0000-00-00', 25, 91),
(539, 'Olivia Nakayama', '0000-00-00', 16, 159),
(540, 'Kali Racca', '0000-00-00', 87, 63),
(541, 'Arianna Nunes', '0000-00-00', 78, 16),
(542, 'Latina Ditch', '0000-00-00', 1, 208),
(543, 'Bobette Lazar', '0000-00-00', 33, 2),
(544, 'Minh Valazquez', '0000-00-00', 7, 76),
(545, 'Joeann Crepeau', '0000-00-00', 40, 6),
(546, 'Despina Huth', '0000-00-00', 95, 144),
(547, 'Adolph Vigil', '0000-00-00', 23, 73),
(548, 'Jolyn Alberty', '0000-00-00', 88, 97),
(549, 'Savannah Shiffer', '0000-00-00', 44, 229),
(550, 'Reatha Rogalski', '0000-00-00', 51, 154),
(551, 'Loren Ricard', '0000-00-00', 73, 160),
(552, 'Tonita Blauser', '0000-00-00', 19, 227),
(553, 'Dell Pires', '0000-00-00', 18, 13),
(554, 'Taren Wilmeth', '0000-00-00', 75, 120),
(555, 'Madeleine Lauer', '0000-00-00', 33, 24),
(556, 'Coy Balliet', '0000-00-00', 54, 90),
(557, 'Irma Mcandrew', '0000-00-00', 29, 74),
(558, 'Daniell Gartman', '0000-00-00', 70, 121),
(559, 'Melissia Pilgrim', '0000-00-00', 48, 206),
(560, 'Enid Servantes', '0000-00-00', 92, 216),
(561, 'Samara Kueter', '0000-00-00', 86, 117),
(562, 'Hazel Pool', '0000-00-00', 94, 36),
(563, 'Rosario Selvey', '0000-00-00', 100, 106),
(564, 'Clayton Difranco', '0000-00-00', 30, 40),
(565, 'Bea Noah', '0000-00-00', 95, 39),
(566, 'Rusty Aron', '0000-00-00', 2, 147),
(567, 'Tad Queener', '0000-00-00', 2, 67),
(568, 'Jettie Marple', '0000-00-00', 33, 190),
(569, 'Prince Lasker', '0000-00-00', 1, 161),
(570, 'Deann Coonrod', '0000-00-00', 34, 154),
(571, 'Estrella Pero', '0000-00-00', 24, 57),
(572, 'Vernice Clemmons', '0000-00-00', 50, 182),
(573, 'Viola Lampkins', '0000-00-00', 34, 94),
(574, 'Vida Singley', '0000-00-00', 98, 147),
(575, 'Otelia Blakney', '0000-00-00', 21, 51),
(576, 'Williemae Leyden', '0000-00-00', 44, 129),
(577, 'Luanne Sanderfur', '0000-00-00', 40, 85),
(578, 'Maxima Debord', '0000-00-00', 62, 228),
(579, 'Denae Viviani', '0000-00-00', 99, 235),
(580, 'Somer Piekarski', '0000-00-00', 3, 46),
(581, 'Thi Abril', '0000-00-00', 89, 189),
(582, 'Kyla Hasson', '0000-00-00', 35, 80),
(583, 'Kathyrn Kriz', '0000-00-00', 66, 58),
(584, 'Kaylene Shill', '0000-00-00', 28, 153),
(585, 'Ethan Ellingwood', '0000-00-00', 41, 17),
(586, 'Aurora Blose', '0000-00-00', 17, 144),
(587, 'Keenan Navarro', '0000-00-00', 55, 212),
(588, 'Bo Frick', '0000-00-00', 84, 108),
(589, 'Calvin Marksberry', '0000-00-00', 82, 154),
(590, 'Joleen Mattison', '0000-00-00', 85, 62),
(591, 'Darci Kester', '0000-00-00', 79, 27),
(592, 'Gregoria Scates', '0000-00-00', 23, 196),
(593, 'Hermine Thatch', '0000-00-00', 43, 156),
(595, 'Luann Moe', '0000-00-00', 27, 41),
(596, 'Luann Moe', '0000-00-00', 92, 74),
(597, 'Nena Sommerville', '0000-00-00', 84, 45),
(598, 'Chelsey Addie', '0000-00-00', 49, 207),
(599, 'Tammy Pedrosa', '0000-00-00', 90, 193),
(600, 'Akilah Broadfoot', '0000-00-00', 41, 141),
(601, 'Lurlene Elling', '0000-00-00', 76, 234),
(602, 'Josefa Eckstein', '0000-00-00', 68, 92),
(603, 'Alden Caviness', '0000-00-00', 94, 113),
(604, 'Lin Marshal', '0000-00-00', 60, 130),
(605, 'Colette Bell', '0000-00-00', 98, 39),
(606, 'Agripina Crete', '0000-00-00', 96, 51),
(607, 'Polly Mcgrane', '0000-00-00', 26, 150),
(608, 'Valentine Dilks', '0000-00-00', 39, 9),
(609, 'Audra Jarrett', '0000-00-00', 4, 25),
(610, 'Moshe Sword', '0000-00-00', 40, 158),
(611, 'Cecily Dittrich', '0000-00-00', 13, 159),
(612, 'Olive Ricca', '0000-00-00', 97, 181),
(613, 'Manie Donner', '0000-00-00', 95, 99),
(614, 'Shanel Cottrill', '0000-00-00', 27, 19),
(615, 'Latasha Jolliff', '0000-00-00', 61, 182),
(616, 'Mikaela Glassford', '0000-00-00', 2, 200),
(617, 'Seymour Boggess', '0000-00-00', 13, 26),
(618, 'Tarah Engels', '0000-00-00', 18, 130),
(619, 'Manuel Kimbrough', '0000-00-00', 21, 100),
(620, 'Ricki Sorkin', '0000-00-00', 47, 11),
(621, 'Tequila Pagan', '0000-00-00', 87, 32),
(622, 'Fletcher Laramee', '0000-00-00', 12, 43),
(623, 'Jillian Nishioka', '0000-00-00', 56, 48),
(624, 'Dagmar Benz', '0000-00-00', 38, 63),
(625, 'Sook Frigo', '0000-00-00', 20, 51),
(626, 'Teresia Preece', '0000-00-00', 48, 176),
(627, 'Daria Lonon', '0000-00-00', 27, 27),
(628, 'Lady Mccurry', '0000-00-00', 78, 119),
(629, 'Rosann Cashion', '0000-00-00', 20, 119),
(630, 'Lizzie Hunsberger', '0000-00-00', 92, 5),
(631, 'Gloria Brazel', '0000-00-00', 40, 216),
(632, 'Paulita Ellsworth', '0000-00-00', 36, 15),
(633, 'Sharyl Henrickson', '0000-00-00', 25, 10),
(634, 'Jamel Tavernier', '0000-00-00', 49, 64),
(635, 'Yolonda Meisinger', '0000-00-00', 92, 172),
(636, 'Remedios Sanjuan', '0000-00-00', 91, 75),
(637, 'Ricarda Browne', '0000-00-00', 90, 119),
(638, 'Roxann Mounts', '0000-00-00', 85, 162),
(639, 'Rudolph Casale', '0000-00-00', 92, 116),
(640, 'Delila Kitchens', '0000-00-00', 74, 42),
(641, 'Nedra Cuffie', '0000-00-00', 71, 228),
(642, 'Madaline Stahly', '0000-00-00', 71, 151),
(643, 'Suzie Korn', '0000-00-00', 7, 110),
(644, 'Lyle Menjivar', '0000-00-00', 9, 16),
(645, 'Helaine Evans', '0000-00-00', 6, 26),
(646, 'Birdie Minter', '0000-00-00', 37, 125),
(647, 'Ayana Fair', '0000-00-00', 52, 232),
(648, 'Delbert Chacko', '0000-00-00', 36, 206),
(649, 'Trish Cobb', '0000-00-00', 26, 162),
(650, 'Ellis Fett', '0000-00-00', 64, 33),
(651, 'Willie Jaso', '0000-00-00', 80, 128),
(652, 'Larita Thresher', '0000-00-00', 32, 234),
(653, 'Theola Lando', '0000-00-00', 98, 203),
(654, 'Santina Mcfarlain', '0000-00-00', 39, 90),
(655, 'Chere Canova', '0000-00-00', 74, 119),
(656, 'Harland Silversmith', '0000-00-00', 33, 34),
(657, 'Alvina Beckley', '0000-00-00', 75, 61),
(658, 'Terresa Gallup', '0000-00-00', 8, 148),
(659, 'Arlinda Snelling', '0000-00-00', 89, 119),
(660, 'Edda Hankey', '0000-00-00', 90, 217),
(661, 'Edgardo Lofton', '0000-00-00', 92, 194),
(662, 'Jaye Patenaude', '0000-00-00', 36, 79),
(663, 'Nilsa Betty', '0000-00-00', 60, 233),
(664, 'Lili Velez', '0000-00-00', 11, 148),
(665, 'Marvis Fiecke', '0000-00-00', 79, 6),
(666, 'Ila Lizotte', '0000-00-00', 80, 206),
(667, 'Yasmine Espinosa', '0000-00-00', 99, 68),
(668, 'Anneliese Cabrales', '0000-00-00', 50, 147),
(669, 'Misha Tolman', '0000-00-00', 62, 49),
(670, 'Constance Reali', '0000-00-00', 20, 88),
(671, 'Anette Benway', '0000-00-00', 26, 40),
(672, 'Fransisca Meikle', '0000-00-00', 7, 208),
(673, 'Joseph Hogsett', '0000-00-00', 15, 32),
(674, 'Clarinda Faller', '0000-00-00', 21, 158),
(675, 'Suanne Deming', '0000-00-00', 70, 105),
(676, 'Sirena Bonelli', '0000-00-00', 15, 105),
(677, 'Verline Corsi', '0000-00-00', 77, 109),
(678, 'Emiko Mullally', '0000-00-00', 3, 183),
(679, 'Pansy Adrian', '0000-00-00', 77, 116),
(680, 'Harland Whisler', '0000-00-00', 16, 78),
(681, 'Beaulah Levar', '0000-00-00', 16, 201),
(682, 'Lavonna Treanor', '0000-00-00', 74, 25),
(683, 'Zina Rega', '0000-00-00', 36, 107),
(684, 'Caridad Jock', '0000-00-00', 19, 148),
(685, 'Sterling Minix', '0000-00-00', 53, 179),
(686, 'George Stops', '0000-00-00', 19, 168),
(687, 'Jocelyn Gracia', '0000-00-00', 98, 169),
(688, 'Loan Delreal', '0000-00-00', 65, 24),
(689, 'Kenyetta Meneely', '0000-00-00', 59, 138),
(690, 'Levi Detweiler', '0000-00-00', 17, 27),
(691, 'Freda Mcgivney', '0000-00-00', 6, 228),
(692, 'Robbie Recker', '0000-00-00', 63, 52),
(693, 'Ailene Pears', '0000-00-00', 25, 134),
(694, 'Rosa Swords', '0000-00-00', 8, 168),
(695, 'An Krall', '0000-00-00', 30, 84),
(696, 'Isabelle Wann', '0000-00-00', 90, 86),
(697, 'Dot Shibley', '0000-00-00', 16, 176),
(698, 'Ma Keim', '0000-00-00', 20, 185),
(699, 'Jaquelyn Bose', '0000-00-00', 30, 32),
(700, 'Candelaria Mccalla', '0000-00-00', 80, 132),
(701, 'Leida Metzger', '0000-00-00', 40, 78),
(702, 'Lang Eatman', '0000-00-00', 46, 63),
(703, 'Gia Waltrip', '0000-00-00', 99, 23),
(704, 'Israel Cowans', '0000-00-00', 56, 116),
(705, 'Michaela Paquette', '0000-00-00', 78, 93),
(706, 'Julietta Hunt', '0000-00-00', 66, 19),
(707, 'Jodie Fenner', '0000-00-00', 46, 5),
(708, 'Tyrone Ackman', '0000-00-00', 77, 173),
(709, 'Maryrose Lawler', '0000-00-00', 36, 145),
(710, 'Creola Nevius', '0000-00-00', 99, 12),
(711, 'Agnes Tjaden', '0000-00-00', 33, 119),
(712, 'Devorah Doster', '0000-00-00', 52, 16),
(713, 'Ella Fujii', '0000-00-00', 82, 195),
(714, 'Magan Lezama', '0000-00-00', 70, 233),
(715, 'Charlie Searle', '0000-00-00', 85, 54),
(716, 'Melvina Neubauer', '0000-00-00', 65, 123),
(717, 'Rhonda Fountaine', '0000-00-00', 69, 198),
(718, 'Torri Haig', '0000-00-00', 13, 42),
(719, 'Ethelyn Launius', '0000-00-00', 49, 211);

--
-- Index pour les tables exportées
--

--
-- Index pour la table `city`
--
ALTER TABLE `city`
  ADD PRIMARY KEY (`id`), ADD KEY `province` (`province`);

--
-- Index pour la table `country`
--
ALTER TABLE `country`
  ADD PRIMARY KEY (`id`);

--
-- Index pour la table `province`
--
ALTER TABLE `province`
  ADD PRIMARY KEY (`abbreviation`), ADD KEY `capital` (`capital`);

--
-- Index pour la table `student`
--
ALTER TABLE `student`
  ADD PRIMARY KEY (`id`), ADD KEY `fk_student_city1_idx` (`city_id`), ADD KEY `fk_student_country1_idx` (`country_id`);

--
-- AUTO_INCREMENT pour les tables exportées
--

--
-- AUTO_INCREMENT pour la table `city`
--
ALTER TABLE `city`
  MODIFY `id` int(3) unsigned NOT NULL AUTO_INCREMENT,AUTO_INCREMENT=102;
--
-- AUTO_INCREMENT pour la table `country`
--
ALTER TABLE `country`
  MODIFY `id` smallint(3) unsigned NOT NULL AUTO_INCREMENT,AUTO_INCREMENT=240;
--
-- AUTO_INCREMENT pour la table `student`
--
ALTER TABLE `student`
  MODIFY `id` int(11) NOT NULL AUTO_INCREMENT,AUTO_INCREMENT=720;
--
-- Contraintes pour les tables exportées
--

--
-- Contraintes pour la table `city`
--
ALTER TABLE `city`
ADD CONSTRAINT `province` FOREIGN KEY (`province`) REFERENCES `province` (`abbreviation`) ON DELETE CASCADE ON UPDATE CASCADE;

--
-- Contraintes pour la table `province`
--
ALTER TABLE `province`
ADD CONSTRAINT `capital` FOREIGN KEY (`capital`) REFERENCES `city` (`id`) ON DELETE CASCADE ON UPDATE CASCADE;

--
-- Contraintes pour la table `student`
--
ALTER TABLE `student`
ADD CONSTRAINT `fk_student_city1` FOREIGN KEY (`city_id`) REFERENCES `city` (`id`) ON DELETE NO ACTION ON UPDATE NO ACTION,
ADD CONSTRAINT `fk_student_country1` FOREIGN KEY (`country_id`) REFERENCES `country` (`id`) ON DELETE NO ACTION ON UPDATE NO ACTION;

/*!40101 SET CHARACTER_SET_CLIENT=@OLD_CHARACTER_SET_CLIENT */;
/*!40101 SET CHARACTER_SET_RESULTS=@OLD_CHARACTER_SET_RESULTS */;
/*!40101 SET COLLATION_CONNECTION=@OLD_COLLATION_CONNECTION */;
